{"cameraMode":{"drawMode":0,"name":"Shaded","section":"Shading Mode"},"sceneLighting":true,"audioPlay":false,"sceneViewState":{"showFog":true,"showMaterialUpdate":false,"showSkybox":true,"showFlares":true,"showImageEffects":true,"showParticleSystems":true},"in2DMode":false,"pivot":{"x":1.8037983179092408,"y":0.0283203125,"z":1.952865481376648},"rotation":{"x":0.6314149498939514,"y":0.0058157783932983879,"z":-0.004735695198178291,"w":0.775409996509552},"size":5.563403129577637,"orthographic":true}