{"cameraMode":{"drawMode":0,"name":"Shaded","section":"Shading Mode"},"sceneLighting":false,"audioPlay":false,"sceneViewState":{"showFog":true,"showMaterialUpdate":false,"showSkybox":false,"showFlares":true,"showImageEffects":true,"showParticleSystems":true},"in2DMode":false,"pivot":{"x":1.31005859375,"y":1.1776123046875,"z":2.6168408393859865},"rotation":{"x":0.7034616470336914,"y":0.02556488662958145,"z":-0.025335749611258508,"w":0.7098212838172913},"size":0.30743786692619326,"orthographic":true}