{"cameraMode":{"drawMode":0,"name":"Shaded","section":"Shading Mode"},"sceneLighting":true,"audioPlay":false,"sceneViewState":{"showFog":true,"showMaterialUpdate":false,"showSkybox":true,"showFlares":true,"showImageEffects":true,"showParticleSystems":true},"in2DMode":false,"pivot":{"x":1.31005859375,"y":0.05000000074505806,"z":2.6168408393859865},"rotation":{"x":0.779629647731781,"y":0.12749384343624116,"z":-0.1686197966337204,"w":0.5894838571548462},"size":5.438323020935059,"orthographic":true}